{
    "MobileNet": {
        "accuracy": 0.9424603174603174,
        "precision": 0.948856962563103,
        "recall": 0.9424603174603176,
        "f1_score": 0.9427262656388717,
        "best_params": {
            "batch_size": 128,
            "learning_rate": 0.001,
            "optimizer": "Adam"
        }
    }
}